follower,following
newdeal_88,vip_fastpass
quicktransfer,vip_fastpass
concert_friend,vip_fastpass
newdeal_88,maple_seats
quicktransfer,maple_seats
vip_fastpass,maple_seats
buyer_alex,maple_seats
buyer_mina,maple_seats
buyer_sam,trusted_tickets
buyer_lee,trusted_tickets
buyer_alex,trusted_tickets
buyer_mina,trusted_tickets
trusted_tickets,buyer_sam
trusted_tickets,buyer_lee
trusted_tickets,buyer_alex
trusted_tickets,buyer_mina
maple_seats,buyer_alex
fan_ticket_01,trusted_tickets
trusted_tickets,fan_ticket_01
fan_ticket_01,trusted_tickets
concert_friend,seat_helper
seat_helper,concert_friend
newdeal_88,quicktransfer
quicktransfer,newdeal_88
vip_fastpass,quicktransfer
newdeal_88,seat_helper
newdeal_88,concert_friend
